model,dataset,dir_alpha,noise_mode,noise_rate,noise_type,strategy,drop_rate,batch_size,final_acc,best_acc,final_pure,best_pure
fedcda,fl_cifar10,0.1,uni_nr,0.3,symmetric_st,least_sim_dr,0.15,64,29.060,30.940,,
fedcda,fl_cifar10,0.3,uni_nr,0.3,symmetric_st,least_sim_dr,0.15,64,36.350,46.760,,
fedcda,fl_cifar10,0.5,uni_nr,0.3,symmetric_st,least_sim_dr,0.15,64,50.960,53.960,,
fedcda,fl_cifar10,0.8,uni_nr,0.3,symmetric_st,least_sim_dr,0.15,64,50.890,52.960,,
fedcda,fl_cifar10,0.8,uni_nr,0.3,symmetric_st,least_sim_dr,0.15,64,54.000,54.000,,
feddenoise,fl_cifar10,0.1,uni_nr,0.3,symmetric_st,global_dr,0.15,64,43.880,45.500,74.179,78.139
feddenoise,fl_cifar10,0.1,uni_nr,0.3,symmetric_st,global_dr,0.3,64,50.850,51.850,85.144,86.528
feddenoise,fl_cifar10,0.1,uni_nr,0.3,symmetric_st,global_dr,0.3,64,48.980,51.170,83.276,86.672
feddenoise,fl_cifar10,0.3,uni_nr,0.3,symmetric_st,global_dr,0.15,64,57.770,59.020,78.525,79.475
feddenoise,fl_cifar10,0.3,uni_nr,0.3,symmetric_st,global_dr,0.3,64,63.890,68.090,90.112,90.824
feddenoise,fl_cifar10,0.3,uni_nr,0.3,symmetric_st,global_dr,0.3,64,64.600,70.440,88.312,91.632
feddenoise,fl_cifar10,0.5,uni_nr,0.3,symmetric_st,global_dr,0.15,64,67.120,68.070,79.860,80.230
feddenoise,fl_cifar10,0.5,uni_nr,0.3,symmetric_st,global_dr,0.3,64,73.980,74.510,91.114,92.480
feddenoise,fl_cifar10,0.5,uni_nr,0.3,symmetric_st,global_dr,0.3,64,71.620,73.830,91.576,92.306
feddenoise,fl_cifar10,0.8,uni_nr,0.3,symmetric_st,global_dr,0.15,64,69.680,70.000,80.045,80.416
feddenoise,fl_cifar10,0.8,uni_nr,0.3,symmetric_st,global_dr,0.3,64,75.360,76.230,92.082,92.902
feddenoise,fl_cifar10,0.8,uni_nr,0.3,symmetric_st,global_dr,0.3,64,75.350,76.040,92.723,92.723
feddenoise,fl_cifar10,0.1,uni_nr,0.3,symmetric_st,least_sim_dr,0.3,32,37.040,41.240,72.393,80.654
feddenoise,fl_cifar10,0.1,uni_nr,0.3,symmetric_st,least_sim_dr,0.3,32,43.310,46.190,75.898,82.402
feddenoise,fl_cifar10,0.1,uni_nr,0.3,symmetric_st,least_sim_dr,0.3,40,43.600,44.760,79.610,82.734
feddenoise,fl_cifar10,0.1,uni_nr,0.3,symmetric_st,least_sim_dr,0.3,40,37.830,40.280,74.648,80.558
feddenoise,fl_cifar10,0.1,uni_nr,0.3,symmetric_st,least_sim_dr,0.3,50,44.770,46.070,77.991,82.223
feddenoise,fl_cifar10,0.1,uni_nr,0.3,symmetric_st,least_sim_dr,0.3,50,43.520,47.480,78.377,83.697
feddenoise,fl_cifar10,0.1,uni_nr,0.3,symmetric_st,least_sim_dr,0.3,64,43.180,45.980,78.962,80.834
feddenoise,fl_cifar10,0.1,uni_nr,0.3,symmetric_st,least_sim_dr,0.3,64,41.720,46.570,75.787,82.379
feddenoise,fl_cifar10,0.1,uni_nr,0.3,symmetric_st,least_sim_dr,0.3,70,45.200,48.170,79.357,85.237
feddenoise,fl_cifar10,0.1,uni_nr,0.3,symmetric_st,least_sim_dr,0.3,70,45.550,48.310,78.821,82.648
feddenoise,fl_cifar10,0.1,uni_nr,0.3,symmetric_st,least_sim_dr,0.3,128,41.020,42.830,76.373,81.371
feddenoise,fl_cifar10,0.1,uni_nr,0.3,symmetric_st,least_sim_dr,0.3,128,34.230,42.560,77.449,80.792
feddenoise,fl_cifar10,0.1,uni_nr,0.3,symmetric_st,least_sim_dr,0.35,32,48.230,50.270,76.570,84.868
feddenoise,fl_cifar10,0.1,uni_nr,0.3,symmetric_st,least_sim_dr,0.35,32,40.680,42.410,78.359,84.328
feddenoise,fl_cifar10,0.1,uni_nr,0.3,symmetric_st,least_sim_dr,0.35,40,46.730,48.300,74.038,85.367
feddenoise,fl_cifar10,0.1,uni_nr,0.3,symmetric_st,least_sim_dr,0.35,40,38.230,40.140,74.932,81.216
feddenoise,fl_cifar10,0.1,uni_nr,0.3,symmetric_st,least_sim_dr,0.35,50,47.070,47.990,80.439,85.227
feddenoise,fl_cifar10,0.1,uni_nr,0.3,symmetric_st,least_sim_dr,0.35,50,44.430,44.430,75.688,81.424
feddenoise,fl_cifar10,0.1,uni_nr,0.3,symmetric_st,least_sim_dr,0.35,64,41.580,46.310,76.974,83.654
feddenoise,fl_cifar10,0.1,uni_nr,0.3,symmetric_st,least_sim_dr,0.35,64,45.090,45.090,76.877,84.104
feddenoise,fl_cifar10,0.1,uni_nr,0.3,symmetric_st,least_sim_dr,0.35,70,48.890,48.890,76.352,85.498
feddenoise,fl_cifar10,0.1,uni_nr,0.3,symmetric_st,least_sim_dr,0.35,70,44.880,48.770,79.791,84.505
feddenoise,fl_cifar10,0.1,uni_nr,0.3,symmetric_st,least_sim_dr,0.35,128,38.830,42.340,76.441,81.540
feddenoise,fl_cifar10,0.1,uni_nr,0.3,symmetric_st,least_sim_dr,0.35,128,38.440,47.230,76.062,84.582
feddenoise,fl_cifar10,0.1,uni_nr,0.3,symmetric_st,least_sim_dr,0.4,32,38.140,41.450,73.949,81.808
feddenoise,fl_cifar10,0.1,uni_nr,0.3,symmetric_st,least_sim_dr,0.4,32,43.320,48.980,82.457,84.467
feddenoise,fl_cifar10,0.1,uni_nr,0.3,symmetric_st,least_sim_dr,0.4,40,41.160,44.060,77.920,82.426
feddenoise,fl_cifar10,0.1,uni_nr,0.3,symmetric_st,least_sim_dr,0.4,40,41.870,47.360,77.317,83.622
feddenoise,fl_cifar10,0.1,uni_nr,0.3,symmetric_st,least_sim_dr,0.4,50,43.410,46.920,81.833,86.770
feddenoise,fl_cifar10,0.1,uni_nr,0.3,symmetric_st,least_sim_dr,0.4,50,46.860,46.860,82.360,86.840
feddenoise,fl_cifar10,0.1,uni_nr,0.3,symmetric_st,least_sim_dr,0.4,64,41.240,48.150,82.055,87.155
feddenoise,fl_cifar10,0.1,uni_nr,0.3,symmetric_st,least_sim_dr,0.4,64,41.250,46.320,77.089,84.521
feddenoise,fl_cifar10,0.1,uni_nr,0.3,symmetric_st,least_sim_dr,0.4,70,40.010,44.850,78.610,84.735
feddenoise,fl_cifar10,0.1,uni_nr,0.3,symmetric_st,least_sim_dr,0.4,70,43.770,45.490,78.449,87.473
feddenoise,fl_cifar10,0.1,uni_nr,0.3,symmetric_st,least_sim_dr,0.4,128,41.290,42.670,80.545,83.715
feddenoise,fl_cifar10,0.1,uni_nr,0.3,symmetric_st,least_sim_dr,0.4,128,32.990,42.170,78.431,88.370
feddenoise,fl_cifar10,0.1,uni_nr,0.3,symmetric_st,least_sim_dr,0.45,32,45.870,46.360,78.736,83.608
feddenoise,fl_cifar10,0.1,uni_nr,0.3,symmetric_st,least_sim_dr,0.45,32,34.810,41.870,80.866,85.901
feddenoise,fl_cifar10,0.1,uni_nr,0.3,symmetric_st,least_sim_dr,0.45,40,38.320,41.730,76.752,87.962
feddenoise,fl_cifar10,0.1,uni_nr,0.3,symmetric_st,least_sim_dr,0.45,40,50.170,50.170,85.073,86.706
feddenoise,fl_cifar10,0.1,uni_nr,0.3,symmetric_st,least_sim_dr,0.45,50,40.370,45.640,83.893,86.196
feddenoise,fl_cifar10,0.1,uni_nr,0.3,symmetric_st,least_sim_dr,0.45,50,43.620,47.440,81.807,87.250
feddenoise,fl_cifar10,0.1,uni_nr,0.3,symmetric_st,least_sim_dr,0.45,64,49.600,49.600,85.767,86.886
feddenoise,fl_cifar10,0.1,uni_nr,0.3,symmetric_st,least_sim_dr,0.45,64,43.910,45.620,82.324,85.895
feddenoise,fl_cifar10,0.1,uni_nr,0.3,symmetric_st,least_sim_dr,0.45,70,37.870,46.720,85.123,87.104
feddenoise,fl_cifar10,0.1,uni_nr,0.3,symmetric_st,least_sim_dr,0.45,70,41.650,44.050,80.723,85.825
feddenoise,fl_cifar10,0.1,uni_nr,0.3,symmetric_st,least_sim_dr,0.45,128,37.270,40.880,80.023,83.043
feddenoise,fl_cifar10,0.1,uni_nr,0.3,symmetric_st,least_sim_dr,0.45,128,43.090,45.230,76.492,84.951
feddenoise,fl_cifar10,0.1,uni_nr,0.3,symmetric_st,least_sim_dr,0.5,32,48.710,51.140,83.754,87.953
feddenoise,fl_cifar10,0.1,uni_nr,0.3,symmetric_st,least_sim_dr,0.5,32,39.530,40.440,77.709,84.835
feddenoise,fl_cifar10,0.1,uni_nr,0.3,symmetric_st,least_sim_dr,0.5,40,44.780,45.500,80.092,87.427
feddenoise,fl_cifar10,0.1,uni_nr,0.3,symmetric_st,least_sim_dr,0.5,40,38.110,43.010,82.031,85.942
feddenoise,fl_cifar10,0.1,uni_nr,0.3,symmetric_st,least_sim_dr,0.5,50,41.800,48.150,81.684,87.360
feddenoise,fl_cifar10,0.1,uni_nr,0.3,symmetric_st,least_sim_dr,0.5,50,46.270,47.020,82.500,87.764
feddenoise,fl_cifar10,0.1,uni_nr,0.3,symmetric_st,least_sim_dr,0.5,64,44.830,46.700,83.917,87.354
feddenoise,fl_cifar10,0.1,uni_nr,0.3,symmetric_st,least_sim_dr,0.5,64,32.950,45.580,86.672,86.672
feddenoise,fl_cifar10,0.1,uni_nr,0.3,symmetric_st,least_sim_dr,0.5,70,47.820,47.950,87.471,88.893
feddenoise,fl_cifar10,0.1,uni_nr,0.3,symmetric_st,least_sim_dr,0.5,70,38.950,46.360,83.821,86.150
feddenoise,fl_cifar10,0.1,uni_nr,0.3,symmetric_st,least_sim_dr,0.5,128,39.600,40.760,79.097,86.465
feddenoise,fl_cifar10,0.1,uni_nr,0.3,symmetric_st,least_sim_dr,0.5,128,31.570,38.090,74.483,83.155
feddenoise,fl_cifar10,0.1,uni_nr,0.3,symmetric_st,least_sim_dr,0.55,32,46.810,49.970,89.693,89.693
feddenoise,fl_cifar10,0.1,uni_nr,0.3,symmetric_st,least_sim_dr,0.55,32,45.590,46.730,79.787,90.385
feddenoise,fl_cifar10,0.1,uni_nr,0.3,symmetric_st,least_sim_dr,0.55,40,44.940,47.090,83.923,90.192
feddenoise,fl_cifar10,0.1,uni_nr,0.3,symmetric_st,least_sim_dr,0.55,40,47.730,49.440,86.671,89.013
feddenoise,fl_cifar10,0.1,uni_nr,0.3,symmetric_st,least_sim_dr,0.55,50,45.090,48.020,82.361,89.143
feddenoise,fl_cifar10,0.1,uni_nr,0.3,symmetric_st,least_sim_dr,0.55,50,46.490,49.110,84.030,89.104
feddenoise,fl_cifar10,0.1,uni_nr,0.3,symmetric_st,least_sim_dr,0.55,64,41.700,44.200,80.355,88.044
feddenoise,fl_cifar10,0.1,uni_nr,0.3,symmetric_st,least_sim_dr,0.55,64,41.640,46.280,82.447,88.758
feddenoise,fl_cifar10,0.1,uni_nr,0.3,symmetric_st,least_sim_dr,0.55,70,43.680,45.940,87.262,91.177
feddenoise,fl_cifar10,0.1,uni_nr,0.3,symmetric_st,least_sim_dr,0.55,70,37.100,41.130,82.689,86.651
feddenoise,fl_cifar10,0.1,uni_nr,0.3,symmetric_st,least_sim_dr,0.55,128,40.090,41.250,80.989,86.156
feddenoise,fl_cifar10,0.1,uni_nr,0.3,symmetric_st,least_sim_dr,0.55,128,39.880,41.420,81.288,87.127
feddenoise,fl_cifar10,0.1,uni_nr,0.3,symmetric_st,least_sim_dr,0.6,32,45.380,47.450,88.255,91.090
feddenoise,fl_cifar10,0.1,uni_nr,0.3,symmetric_st,least_sim_dr,0.6,32,53.510,54.100,90.240,93.811
feddenoise,fl_cifar10,0.1,uni_nr,0.3,symmetric_st,least_sim_dr,0.6,40,47.660,47.660,82.231,89.024
feddenoise,fl_cifar10,0.1,uni_nr,0.3,symmetric_st,least_sim_dr,0.6,40,43.910,47.690,83.428,90.990
feddenoise,fl_cifar10,0.1,uni_nr,0.3,symmetric_st,least_sim_dr,0.6,50,38.480,45.120,87.785,89.030
feddenoise,fl_cifar10,0.1,uni_nr,0.3,symmetric_st,least_sim_dr,0.6,50,43.200,47.400,86.775,91.255
feddenoise,fl_cifar10,0.1,uni_nr,0.3,symmetric_st,least_sim_dr,0.6,64,38.720,44.230,88.169,92.042
feddenoise,fl_cifar10,0.1,uni_nr,0.3,symmetric_st,least_sim_dr,0.6,64,44.690,45.840,86.916,90.566
feddenoise,fl_cifar10,0.1,uni_nr,0.3,symmetric_st,least_sim_dr,0.6,70,39.940,41.470,82.612,87.071
feddenoise,fl_cifar10,0.1,uni_nr,0.3,symmetric_st,least_sim_dr,0.6,70,36.870,40.010,83.513,89.420
feddenoise,fl_cifar10,0.1,uni_nr,0.3,symmetric_st,least_sim_dr,0.6,128,34.920,36.310,78.796,85.983
feddenoise,fl_cifar10,0.1,uni_nr,0.3,symmetric_st,least_sim_dr,0.6,128,36.460,38.420,74.969,85.872
feddenoise,fl_cifar10,0.1,uni_nr,0.3,symmetric_st,least_sim_dr,0.65,32,43.280,44.320,88.226,88.915
feddenoise,fl_cifar10,0.1,uni_nr,0.3,symmetric_st,least_sim_dr,0.65,32,48.300,48.300,86.705,91.861
feddenoise,fl_cifar10,0.1,uni_nr,0.3,symmetric_st,least_sim_dr,0.65,40,45.000,46.720,88.890,95.604
feddenoise,fl_cifar10,0.1,uni_nr,0.3,symmetric_st,least_sim_dr,0.65,40,45.710,47.170,92.242,92.242
feddenoise,fl_cifar10,0.1,uni_nr,0.3,symmetric_st,least_sim_dr,0.65,50,43.610,43.610,83.372,90.106
feddenoise,fl_cifar10,0.1,uni_nr,0.3,symmetric_st,least_sim_dr,0.65,50,39.560,41.150,85.306,88.783
feddenoise,fl_cifar10,0.1,uni_nr,0.3,symmetric_st,least_sim_dr,0.65,64,39.570,41.360,85.793,91.044
feddenoise,fl_cifar10,0.1,uni_nr,0.3,symmetric_st,least_sim_dr,0.65,64,41.100,44.580,87.915,92.011
feddenoise,fl_cifar10,0.1,uni_nr,0.3,symmetric_st,least_sim_dr,0.65,70,40.710,41.620,86.833,88.862
feddenoise,fl_cifar10,0.1,uni_nr,0.3,symmetric_st,least_sim_dr,0.65,70,35.100,40.190,88.999,90.552
feddenoise,fl_cifar10,0.1,uni_nr,0.3,symmetric_st,least_sim_dr,0.65,128,31.170,37.240,82.184,88.236
feddenoise,fl_cifar10,0.1,uni_nr,0.3,symmetric_st,least_sim_dr,0.65,128,33.920,36.720,87.689,89.015
feddenoise,fl_cifar10,0.3,uni_nr,0.1,symmetric_st,least_sim_dr,0.15,64,77.750,77.810,95.759,96.847
feddenoise,fl_cifar10,0.3,uni_nr,0.2,symmetric_st,least_sim_dr,0.25,64,67.690,70.710,88.205,92.642
feddenoise,fl_cifar10,0.3,uni_nr,0.3,symmetric_st,least_sim_dr,0.3,32,61.750,64.770,84.053,85.673
feddenoise,fl_cifar10,0.3,uni_nr,0.3,symmetric_st,least_sim_dr,0.3,36,62.350,65.960,85.036,85.697
feddenoise,fl_cifar10,0.3,uni_nr,0.3,symmetric_st,least_sim_dr,0.3,40,62.930,66.570,83.753,87.637
feddenoise,fl_cifar10,0.3,uni_nr,0.3,symmetric_st,least_sim_dr,0.3,48,58.590,64.390,84.764,86.471
feddenoise,fl_cifar10,0.3,uni_nr,0.3,symmetric_st,least_sim_dr,0.3,54,63.570,67.020,85.477,86.578
feddenoise,fl_cifar10,0.3,uni_nr,0.3,symmetric_st,least_sim_dr,0.3,64,62.510,63.670,84.202,85.785
feddenoise,fl_cifar10,0.3,uni_nr,0.3,symmetric_st,least_sim_dr,0.35,36,66.850,67.450,87.268,89.620
feddenoise,fl_cifar10,0.3,uni_nr,0.3,symmetric_st,least_sim_dr,0.35,40,65.030,66.890,87.497,90.018
feddenoise,fl_cifar10,0.3,uni_nr,0.3,symmetric_st,least_sim_dr,0.35,48,66.600,67.870,87.895,89.067
feddenoise,fl_cifar10,0.3,uni_nr,0.3,symmetric_st,least_sim_dr,0.35,54,66.780,67.940,86.071,88.468
feddenoise,fl_cifar10,0.3,uni_nr,0.3,symmetric_st,least_sim_dr,0.35,64,59.930,66.050,86.685,89.293
feddenoise,fl_cifar10,0.3,uni_nr,0.3,symmetric_st,least_sim_dr,0.35,64,62.640,63.610,83.719,88.890
feddenoise,fl_cifar10,0.3,uni_nr,0.3,symmetric_st,least_sim_dr,0.4,32,61.290,66.550,87.662,90.465
feddenoise,fl_cifar10,0.3,uni_nr,0.3,symmetric_st,least_sim_dr,0.4,36,68.160,68.160,86.506,90.378
feddenoise,fl_cifar10,0.3,uni_nr,0.3,symmetric_st,least_sim_dr,0.4,40,67.080,68.310,88.907,91.362
feddenoise,fl_cifar10,0.3,uni_nr,0.3,symmetric_st,least_sim_dr,0.4,48,64.910,65.270,87.165,90.096
feddenoise,fl_cifar10,0.3,uni_nr,0.3,symmetric_st,least_sim_dr,0.4,54,65.460,66.230,87.308,90.606
feddenoise,fl_cifar10,0.3,uni_nr,0.3,symmetric_st,least_sim_dr,0.4,64,64.780,64.780,88.244,89.917
feddenoise,fl_cifar10,0.3,uni_nr,0.3,symmetric_st,least_sim_dr,0.45,32,67.810,68.400,91.362,93.428
feddenoise,fl_cifar10,0.3,uni_nr,0.3,symmetric_st,least_sim_dr,0.45,36,63.830,67.430,90.240,92.862
feddenoise,fl_cifar10,0.3,uni_nr,0.3,symmetric_st,least_sim_dr,0.45,40,64.680,66.790,92.122,92.650
feddenoise,fl_cifar10,0.3,uni_nr,0.3,symmetric_st,least_sim_dr,0.45,48,64.380,66.750,91.836,92.714
feddenoise,fl_cifar10,0.3,uni_nr,0.3,symmetric_st,least_sim_dr,0.45,54,63.420,64.450,88.905,93.326
feddenoise,fl_cifar10,0.3,uni_nr,0.3,symmetric_st,least_sim_dr,0.45,64,64.530,64.530,87.118,92.604
feddenoise,fl_cifar10,0.3,uni_nr,0.3,symmetric_st,least_sim_dr,0.5,32,63.470,67.280,94.685,94.685
feddenoise,fl_cifar10,0.3,uni_nr,0.3,symmetric_st,least_sim_dr,0.5,36,66.180,67.500,90.629,93.460
feddenoise,fl_cifar10,0.3,uni_nr,0.3,symmetric_st,least_sim_dr,0.5,40,65.630,68.170,94.558,95.315
feddenoise,fl_cifar10,0.3,uni_nr,0.3,symmetric_st,least_sim_dr,0.5,48,67.670,67.670,93.339,94.502
feddenoise,fl_cifar10,0.3,uni_nr,0.3,symmetric_st,least_sim_dr,0.5,54,62.510,63.200,90.984,94.241
feddenoise,fl_cifar10,0.3,uni_nr,0.3,symmetric_st,least_sim_dr,0.5,64,64.770,67.180,90.864,94.029
feddenoise,fl_cifar10,0.3,uni_nr,0.3,symmetric_st,least_sim_dr,0.55,32,60.990,64.750,93.060,96.115
feddenoise,fl_cifar10,0.3,uni_nr,0.3,symmetric_st,least_sim_dr,0.55,36,69.710,69.710,96.135,96.399
feddenoise,fl_cifar10,0.3,uni_nr,0.3,symmetric_st,least_sim_dr,0.55,40,66.930,66.930,95.675,96.641
feddenoise,fl_cifar10,0.3,uni_nr,0.3,symmetric_st,least_sim_dr,0.55,48,63.100,64.870,91.812,94.461
feddenoise,fl_cifar10,0.3,uni_nr,0.3,symmetric_st,least_sim_dr,0.55,54,61.420,63.060,94.545,94.561
feddenoise,fl_cifar10,0.3,uni_nr,0.3,symmetric_st,least_sim_dr,0.55,64,62.450,63.440,92.808,93.566
feddenoise,fl_cifar10,0.3,uni_nr,0.3,symmetric_st,least_sim_dr,0.6,32,60.800,62.580,91.718,94.948
feddenoise,fl_cifar10,0.3,uni_nr,0.3,symmetric_st,least_sim_dr,0.6,36,60.260,63.280,93.862,95.314
feddenoise,fl_cifar10,0.3,uni_nr,0.3,symmetric_st,least_sim_dr,0.6,40,59.770,63.290,91.471,95.101
feddenoise,fl_cifar10,0.3,uni_nr,0.3,symmetric_st,least_sim_dr,0.6,48,57.950,63.260,95.325,95.455
feddenoise,fl_cifar10,0.3,uni_nr,0.3,symmetric_st,least_sim_dr,0.6,54,60.550,60.550,93.844,94.330
feddenoise,fl_cifar10,0.3,uni_nr,0.3,symmetric_st,least_sim_dr,0.6,64,50.900,59.000,91.935,94.568
feddenoise,fl_cifar10,0.3,uni_nr,0.3,symmetric_st,least_sim_dr,0.65,32,59.480,63.030,96.467,97.065
feddenoise,fl_cifar10,0.3,uni_nr,0.3,symmetric_st,least_sim_dr,0.65,36,60.100,60.730,94.091,95.475
feddenoise,fl_cifar10,0.3,uni_nr,0.3,symmetric_st,least_sim_dr,0.65,40,61.490,61.490,94.154,96.841
feddenoise,fl_cifar10,0.3,uni_nr,0.3,symmetric_st,least_sim_dr,0.65,48,56.760,59.260,92.628,95.727
feddenoise,fl_cifar10,0.3,uni_nr,0.3,symmetric_st,least_sim_dr,0.65,54,54.820,54.820,92.306,94.334
feddenoise,fl_cifar10,0.3,uni_nr,0.3,symmetric_st,least_sim_dr,0.65,64,56.300,58.440,89.920,95.106
feddenoise,fl_cifar10,0.3,uni_nr,0.4,symmetric_st,least_sim_dr,0.45,64,55.170,56.420,80.734,82.719
feddenoise,fl_cifar10,0.3,uni_nr,0.5,symmetric_st,least_sim_dr,0.55,64,47.350,48.460,71.835,75.736
feddenoise,fl_cifar10,0.3,uni_nr,0.6,symmetric_st,least_sim_dr,0.65,64,37.660,42.160,61.949,68.124
feddenoise,fl_cifar10,0.3,uni_nr,0.7,symmetric_st,least_sim_dr,0.75,64,27.250,28.520,47.501,49.071
feddenoise,fl_cifar10,0.3,uni_nr,0.8,symmetric_st,least_sim_dr,0.85,64,15.470,19.600,28.681,30.116
feddenoise,fl_cifar10,0.5,uni_nr,0.3,symmetric_st,least_sim_dr,0.3,32,71.950,72.670,87.023,88.910
feddenoise,fl_cifar10,0.5,uni_nr,0.3,symmetric_st,least_sim_dr,0.3,36,70.340,71.490,85.775,87.383
feddenoise,fl_cifar10,0.5,uni_nr,0.3,symmetric_st,least_sim_dr,0.3,40,71.310,72.130,85.093,88.868
feddenoise,fl_cifar10,0.5,uni_nr,0.3,symmetric_st,least_sim_dr,0.3,54,73.640,73.640,86.402,88.066
feddenoise,fl_cifar10,0.5,uni_nr,0.3,symmetric_st,least_sim_dr,0.3,64,69.260,70.510,83.949,87.334
feddenoise,fl_cifar10,0.5,uni_nr,0.3,symmetric_st,least_sim_dr,0.35,32,74.460,74.860,91.157,91.582
feddenoise,fl_cifar10,0.5,uni_nr,0.3,symmetric_st,least_sim_dr,0.35,36,73.580,74.900,89.502,91.125
feddenoise,fl_cifar10,0.5,uni_nr,0.3,symmetric_st,least_sim_dr,0.35,40,64.880,73.500,91.743,91.959
feddenoise,fl_cifar10,0.5,uni_nr,0.3,symmetric_st,least_sim_dr,0.35,48,71.160,73.000,89.503,91.002
feddenoise,fl_cifar10,0.5,uni_nr,0.3,symmetric_st,least_sim_dr,0.35,54,71.700,73.000,88.616,89.819
feddenoise,fl_cifar10,0.5,uni_nr,0.3,symmetric_st,least_sim_dr,0.35,64,70.620,72.730,90.555,90.760
feddenoise,fl_cifar10,0.5,uni_nr,0.3,symmetric_st,least_sim_dr,0.4,32,74.100,74.530,92.265,93.393
feddenoise,fl_cifar10,0.5,uni_nr,0.3,symmetric_st,least_sim_dr,0.4,36,73.990,75.030,92.735,93.418
feddenoise,fl_cifar10,0.5,uni_nr,0.3,symmetric_st,least_sim_dr,0.4,40,73.890,73.890,93.157,93.353
feddenoise,fl_cifar10,0.5,uni_nr,0.3,symmetric_st,least_sim_dr,0.4,48,72.880,73.200,89.342,94.141
feddenoise,fl_cifar10,0.5,uni_nr,0.3,symmetric_st,least_sim_dr,0.4,54,71.130,73.860,92.700,93.681
feddenoise,fl_cifar10,0.5,uni_nr,0.3,symmetric_st,least_sim_dr,0.4,64,71.740,72.170,91.495,93.620
feddenoise,fl_cifar10,0.5,uni_nr,0.3,symmetric_st,least_sim_dr,0.45,32,73.710,73.710,91.076,94.799
feddenoise,fl_cifar10,0.5,uni_nr,0.3,symmetric_st,least_sim_dr,0.45,36,71.620,72.330,93.309,94.297
feddenoise,fl_cifar10,0.5,uni_nr,0.3,symmetric_st,least_sim_dr,0.45,40,72.900,72.900,93.545,95.150
feddenoise,fl_cifar10,0.5,uni_nr,0.3,symmetric_st,least_sim_dr,0.45,48,71.240,72.750,93.409,94.630
feddenoise,fl_cifar10,0.5,uni_nr,0.3,symmetric_st,least_sim_dr,0.45,54,72.010,72.340,93.182,94.159
feddenoise,fl_cifar10,0.5,uni_nr,0.3,symmetric_st,least_sim_dr,0.45,64,69.270,71.480,93.744,93.998
feddenoise,fl_cifar10,0.5,uni_nr,0.3,symmetric_st,least_sim_dr,0.5,32,72.310,72.930,96.104,96.298
feddenoise,fl_cifar10,0.5,uni_nr,0.3,symmetric_st,least_sim_dr,0.5,36,69.610,72.050,94.955,95.934
feddenoise,fl_cifar10,0.5,uni_nr,0.3,symmetric_st,least_sim_dr,0.5,40,70.590,72.470,95.262,95.723
feddenoise,fl_cifar10,0.5,uni_nr,0.3,symmetric_st,least_sim_dr,0.5,48,71.560,71.560,95.775,96.464
feddenoise,fl_cifar10,0.5,uni_nr,0.3,symmetric_st,least_sim_dr,0.5,54,70.540,71.230,92.605,97.012
feddenoise,fl_cifar10,0.5,uni_nr,0.3,symmetric_st,least_sim_dr,0.5,64,69.300,70.130,93.634,95.692
feddenoise,fl_cifar10,0.5,uni_nr,0.3,symmetric_st,least_sim_dr,0.55,32,70.660,71.900,95.939,96.653
feddenoise,fl_cifar10,0.5,uni_nr,0.3,symmetric_st,least_sim_dr,0.55,36,72.420,72.420,95.961,96.989
feddenoise,fl_cifar10,0.5,uni_nr,0.3,symmetric_st,least_sim_dr,0.55,40,65.400,68.920,94.167,96.179
feddenoise,fl_cifar10,0.5,uni_nr,0.3,symmetric_st,least_sim_dr,0.55,48,68.640,70.570,96.111,96.778
feddenoise,fl_cifar10,0.5,uni_nr,0.3,symmetric_st,least_sim_dr,0.55,54,69.030,69.030,95.499,96.475
feddenoise,fl_cifar10,0.5,uni_nr,0.3,symmetric_st,least_sim_dr,0.55,64,70.810,71.090,96.959,97.653
feddenoise,fl_cifar10,0.5,uni_nr,0.3,symmetric_st,least_sim_dr,0.6,32,69.490,69.490,95.331,97.115
feddenoise,fl_cifar10,0.5,uni_nr,0.3,symmetric_st,least_sim_dr,0.6,36,68.970,70.070,96.781,97.490
feddenoise,fl_cifar10,0.5,uni_nr,0.3,symmetric_st,least_sim_dr,0.6,40,68.170,69.150,96.111,96.962
feddenoise,fl_cifar10,0.5,uni_nr,0.3,symmetric_st,least_sim_dr,0.6,48,68.810,69.570,97.777,97.777
feddenoise,fl_cifar10,0.5,uni_nr,0.3,symmetric_st,least_sim_dr,0.6,54,67.140,67.140,95.382,97.283
feddenoise,fl_cifar10,0.5,uni_nr,0.3,symmetric_st,least_sim_dr,0.6,64,67.950,67.950,96.171,97.413
feddenoise,fl_cifar10,0.5,uni_nr,0.3,symmetric_st,least_sim_dr,0.65,32,68.240,68.240,96.665,97.490
feddenoise,fl_cifar10,0.5,uni_nr,0.3,symmetric_st,least_sim_dr,0.65,36,65.830,67.200,97.372,97.372
feddenoise,fl_cifar10,0.5,uni_nr,0.3,symmetric_st,least_sim_dr,0.65,40,66.460,66.460,95.599,97.731
feddenoise,fl_cifar10,0.5,uni_nr,0.3,symmetric_st,least_sim_dr,0.65,48,61.860,63.050,93.057,96.339
feddenoise,fl_cifar10,0.5,uni_nr,0.3,symmetric_st,least_sim_dr,0.65,54,63.210,64.450,95.962,97.117
feddenoise,fl_cifar10,0.5,uni_nr,0.3,symmetric_st,least_sim_dr,0.65,64,62.870,64.110,95.888,96.624
feddenoise,fl_cifar10,0.8,uni_nr,0.3,symmetric_st,least_sim_dr,0.3,24,74.300,75.870,87.436,88.891
feddenoise,fl_cifar10,0.8,uni_nr,0.3,symmetric_st,least_sim_dr,0.3,28,70.950,73.450,87.759,88.037
feddenoise,fl_cifar10,0.8,uni_nr,0.3,symmetric_st,least_sim_dr,0.3,32,74.890,74.890,87.643,88.640
feddenoise,fl_cifar10,0.8,uni_nr,0.3,symmetric_st,least_sim_dr,0.35,24,74.560,75.560,88.981,91.095
feddenoise,fl_cifar10,0.8,uni_nr,0.3,symmetric_st,least_sim_dr,0.35,28,75.200,75.330,90.719,90.987
feddenoise,fl_cifar10,0.8,uni_nr,0.3,symmetric_st,least_sim_dr,0.35,32,72.110,74.850,90.743,92.064
feddenoise,fl_cifar10,0.8,uni_nr,0.3,symmetric_st,least_sim_dr,0.38,24,75.640,75.960,92.187,93.178
feddenoise,fl_cifar10,0.8,uni_nr,0.3,symmetric_st,least_sim_dr,0.38,28,77.020,78.340,92.841,93.818
feddenoise,fl_cifar10,0.8,uni_nr,0.3,symmetric_st,least_sim_dr,0.38,32,73.800,75.380,92.537,93.284
feddenoise,fl_cifar10,0.8,uni_nr,0.3,symmetric_st,least_sim_dr,0.4,24,74.060,75.560,91.525,92.660
feddenoise,fl_cifar10,0.8,uni_nr,0.3,symmetric_st,least_sim_dr,0.4,28,72.870,75.210,94.144,94.144
feddenoise,fl_cifar10,0.8,uni_nr,0.3,symmetric_st,least_sim_dr,0.4,32,75.490,75.660,94.024,94.578
feddenoise,fl_cifar10,0.8,uni_nr,0.3,symmetric_st,least_sim_dr,0.45,24,73.760,76.180,93.863,94.420
feddenoise,fl_cifar10,0.8,uni_nr,0.3,symmetric_st,least_sim_dr,0.45,28,76.130,76.130,94.026,95.144
feddenoise,fl_cifar10,0.8,uni_nr,0.3,symmetric_st,least_sim_dr,0.45,32,74.740,76.060,94.564,95.809
feddenoise,fl_cifar10,0.8,uni_nr,0.3,symmetric_st,least_sim_dr,0.5,24,75.210,75.210,96.390,97.100
feddenoise,fl_cifar10,0.8,uni_nr,0.3,symmetric_st,least_sim_dr,0.5,28,72.840,74.690,96.423,96.805
feddenoise,fl_cifar10,0.8,uni_nr,0.3,symmetric_st,least_sim_dr,0.5,32,73.540,74.280,96.561,97.191
feddenoise,fl_cifar10,0.8,uni_nr,0.3,symmetric_st,least_sim_dr,0.55,24,70.600,72.470,96.795,96.897
feddenoise,fl_cifar10,0.8,uni_nr,0.3,symmetric_st,least_sim_dr,0.55,28,72.080,73.070,96.695,97.381
feddenoise,fl_cifar10,0.8,uni_nr,0.3,symmetric_st,least_sim_dr,0.55,32,73.420,73.420,93.999,96.774
feddenoise,fl_cifar10,0.8,uni_nr,0.3,symmetric_st,least_sim_dr,0.6,24,69.820,71.090,94.156,97.695
feddenoise,fl_cifar10,0.8,uni_nr,0.3,symmetric_st,least_sim_dr,0.6,28,72.720,73.010,97.408,97.808
feddenoise,fl_cifar10,0.8,uni_nr,0.3,symmetric_st,least_sim_dr,0.6,32,71.100,71.100,97.856,98.116
feddenoise,fl_cifar10,0.8,uni_nr,0.3,symmetric_st,least_sim_dr,0.65,24,67.370,69.690,96.930,97.753
feddenoise,fl_cifar10,0.8,uni_nr,0.3,symmetric_st,least_sim_dr,0.65,28,69.770,69.960,97.511,98.204
feddenoise,fl_cifar10,0.8,uni_nr,0.3,symmetric_st,least_sim_dr,0.65,32,70.380,71.120,96.744,98.594
feddenoise,fl_cifar10,0.1,uni_nr,0.3,symmetric_st,most_sim_dr,0.15,64,37.590,41.760,71.588,74.238
feddenoise,fl_cifar10,0.1,uni_nr,0.3,symmetric_st,most_sim_dr,0.3,64,39.440,43.400,74.431,80.444
feddenoise,fl_cifar10,0.1,uni_nr,0.3,symmetric_st,most_sim_dr,0.3,64,35.330,41.360,73.605,81.114
feddenoise,fl_cifar10,0.1,uni_nr,0.3,symmetric_st,most_sim_dr,0.3,64,40.370,45.570,74.895,80.473
feddenoise,fl_cifar10,0.3,uni_nr,0.3,symmetric_st,most_sim_dr,0.15,64,52.900,57.170,73.992,76.556
feddenoise,fl_cifar10,0.3,uni_nr,0.3,symmetric_st,most_sim_dr,0.3,64,58.960,59.170,78.045,85.002
feddenoise,fl_cifar10,0.3,uni_nr,0.3,symmetric_st,most_sim_dr,0.3,64,56.370,60.670,84.064,84.274
feddenoise,fl_cifar10,0.3,uni_nr,0.3,symmetric_st,most_sim_dr,0.3,64,57.930,61.800,84.095,84.482
feddenoise,fl_cifar10,0.5,uni_nr,0.3,symmetric_st,most_sim_dr,0.15,64,66.260,66.440,77.253,78.584
feddenoise,fl_cifar10,0.5,uni_nr,0.3,symmetric_st,most_sim_dr,0.3,64,69.690,71.560,88.255,90.379
feddenoise,fl_cifar10,0.5,uni_nr,0.3,symmetric_st,most_sim_dr,0.3,64,69.820,71.750,88.189,89.037
feddenoise,fl_cifar10,0.8,uni_nr,0.3,symmetric_st,most_sim_dr,0.15,64,67.550,67.550,78.284,78.323
feddenoise,fl_cifar10,0.8,uni_nr,0.3,symmetric_st,most_sim_dr,0.3,64,69.410,70.970,85.844,88.310
feddenoise,fl_cifar10,0.8,uni_nr,0.3,symmetric_st,most_sim_dr,0.3,64,74.350,74.420,88.802,90.278
feddenoise,fl_cifar10,0.8,uni_nr,0.3,symmetric_st,most_sim_dr,0.3,64,73.120,73.120,83.772,88.786
feddenoise,fl_cifar10,0.1,uni_nr,0.3,symmetric_st,random_dr,0.15,64,34.290,43.200,72.756,74.764
feddenoise,fl_cifar10,0.1,uni_nr,0.3,symmetric_st,random_dr,0.3,64,38.880,44.330,77.292,81.556
feddenoise,fl_cifar10,0.1,uni_nr,0.3,symmetric_st,random_dr,0.3,64,42.600,46.430,80.255,82.834
feddenoise,fl_cifar10,0.3,uni_nr,0.3,symmetric_st,random_dr,0.15,64,54.640,57.480,75.129,76.451
feddenoise,fl_cifar10,0.3,uni_nr,0.3,symmetric_st,random_dr,0.3,64,59.510,63.150,83.691,87.961
feddenoise,fl_cifar10,0.5,uni_nr,0.3,symmetric_st,random_dr,0.15,64,63.160,66.070,77.114,78.455
feddenoise,fl_cifar10,0.5,uni_nr,0.3,symmetric_st,random_dr,0.3,64,67.860,70.570,87.582,89.125
feddenoise,fl_cifar10,0.5,uni_nr,0.3,symmetric_st,random_dr,0.3,64,70.450,71.040,87.382,88.499
feddenoise,fl_cifar10,0.8,uni_nr,0.3,symmetric_st,random_dr,0.15,64,68.770,68.990,78.343,78.466
feddenoise,fl_cifar10,0.8,uni_nr,0.3,symmetric_st,random_dr,0.3,64,72.570,72.570,89.216,89.670
feddenoise,fl_cifar10,0.8,uni_nr,0.3,symmetric_st,random_dr,0.3,64,71.640,73.890,89.933,89.942
fedrdn,fl_cifar10,0.1,uni_nr,0.3,symmetric_st,least_sim_dr,0.15,64,34.030,42.080,,
fedrdn,fl_cifar10,0.3,uni_nr,0.3,symmetric_st,least_sim_dr,0.15,64,53.590,57.890,,
fedrdn,fl_cifar10,0.5,uni_nr,0.3,symmetric_st,least_sim_dr,0.15,64,62.130,62.790,,
fedrdn,fl_cifar10,0.8,uni_nr,0.3,symmetric_st,least_sim_dr,0.15,64,56.780,65.610,,
fedcda,fl_cifar100,0.1,uni_nr,0.3,symmetric_st,least_sim_dr,0.15,64,17.770,18.410,,
fedcda,fl_cifar100,0.3,uni_nr,0.3,symmetric_st,least_sim_dr,0.15,64,22.390,23.080,,
fedcda,fl_cifar100,0.3,uni_nr,0.3,symmetric_st,least_sim_dr,0.15,64,23.030,23.360,,
fedcda,fl_cifar100,0.3,uni_nr,0.3,symmetric_st,least_sim_dr,0.15,64,22.630,23.590,,
fedcda,fl_cifar100,0.5,uni_nr,0.3,symmetric_st,least_sim_dr,0.15,64,24.950,25.140,,
fedcda,fl_cifar100,0.8,uni_nr,0.3,symmetric_st,least_sim_dr,0.15,64,24.650,25.220,,
fedcda,fl_cifar100,0.8,uni_nr,0.3,symmetric_st,least_sim_dr,0.15,64,25.390,25.800,,
fedcda,fl_cifar100,0.8,uni_nr,0.3,symmetric_st,least_sim_dr,0.15,64,25.000,25.370,,
feddenoise,fl_cifar100,0.1,uni_nr,0.3,symmetric_st,global_dr,0.15,64,23.780,24.230,76.060,77.711
feddenoise,fl_cifar100,0.1,uni_nr,0.3,symmetric_st,global_dr,0.3,64,26.900,27.460,84.733,87.304
feddenoise,fl_cifar100,0.1,uni_nr,0.3,symmetric_st,global_dr,0.3,64,28.870,28.910,85.911,86.797
feddenoise,fl_cifar100,0.3,uni_nr,0.3,symmetric_st,global_dr,0.15,64,29.690,30.440,77.872,78.354
feddenoise,fl_cifar100,0.3,uni_nr,0.3,symmetric_st,global_dr,0.3,64,31.930,33.080,87.608,87.858
feddenoise,fl_cifar100,0.3,uni_nr,0.3,symmetric_st,global_dr,0.3,64,33.090,33.470,86.751,87.921
feddenoise,fl_cifar100,0.5,uni_nr,0.3,symmetric_st,global_dr,0.15,64,30.940,32.560,78.328,78.508
feddenoise,fl_cifar100,0.5,uni_nr,0.3,symmetric_st,global_dr,0.3,64,33.770,34.180,87.647,88.410
feddenoise,fl_cifar100,0.5,uni_nr,0.3,symmetric_st,global_dr,0.3,64,33.990,34.170,87.692,88.128
feddenoise,fl_cifar100,0.8,uni_nr,0.3,symmetric_st,global_dr,0.15,64,31.470,31.970,78.468,78.593
feddenoise,fl_cifar100,0.8,uni_nr,0.3,symmetric_st,global_dr,0.3,64,35.270,35.270,88.214,88.550
feddenoise,fl_cifar100,0.8,uni_nr,0.3,symmetric_st,global_dr,0.3,64,36.000,36.000,88.006,88.816
feddenoise,fl_cifar100,0.1,uni_nr,0.3,symmetric_st,least_sim_dr,0.3,32,23.870,24.500,77.001,79.182
feddenoise,fl_cifar100,0.1,uni_nr,0.3,symmetric_st,least_sim_dr,0.3,36,23.620,24.820,78.306,78.636
feddenoise,fl_cifar100,0.1,uni_nr,0.3,symmetric_st,least_sim_dr,0.3,40,24.660,25.780,78.154,80.376
feddenoise,fl_cifar100,0.1,uni_nr,0.3,symmetric_st,least_sim_dr,0.3,48,23.730,24.190,78.001,79.133
feddenoise,fl_cifar100,0.1,uni_nr,0.3,symmetric_st,least_sim_dr,0.3,54,23.540,23.900,78.125,80.052
feddenoise,fl_cifar100,0.1,uni_nr,0.3,symmetric_st,least_sim_dr,0.3,64,24.340,25.000,78.393,79.827
feddenoise,fl_cifar100,0.1,uni_nr,0.3,symmetric_st,least_sim_dr,0.35,32,24.820,26.150,80.311,81.879
feddenoise,fl_cifar100,0.1,uni_nr,0.3,symmetric_st,least_sim_dr,0.35,36,24.290,24.850,79.609,80.828
feddenoise,fl_cifar100,0.1,uni_nr,0.3,symmetric_st,least_sim_dr,0.35,40,24.560,25.460,79.257,81.778
feddenoise,fl_cifar100,0.1,uni_nr,0.3,symmetric_st,least_sim_dr,0.35,48,24.930,25.280,80.090,81.458
feddenoise,fl_cifar100,0.1,uni_nr,0.3,symmetric_st,least_sim_dr,0.35,54,23.790,24.420,80.336,81.330
feddenoise,fl_cifar100,0.1,uni_nr,0.3,symmetric_st,least_sim_dr,0.35,64,24.800,26.520,79.184,82.445
feddenoise,fl_cifar100,0.1,uni_nr,0.3,symmetric_st,least_sim_dr,0.4,32,26.100,26.800,81.232,83.239
feddenoise,fl_cifar100,0.1,uni_nr,0.3,symmetric_st,least_sim_dr,0.4,36,27.040,27.070,82.261,83.435
feddenoise,fl_cifar100,0.1,uni_nr,0.3,symmetric_st,least_sim_dr,0.4,40,26.760,26.760,83.747,84.574
feddenoise,fl_cifar100,0.1,uni_nr,0.3,symmetric_st,least_sim_dr,0.4,48,28.140,28.860,82.069,84.516
feddenoise,fl_cifar100,0.1,uni_nr,0.3,symmetric_st,least_sim_dr,0.4,54,25.490,26.440,82.694,83.287
feddenoise,fl_cifar100,0.1,uni_nr,0.3,symmetric_st,least_sim_dr,0.4,64,25.750,25.750,81.823,83.946
feddenoise,fl_cifar100,0.1,uni_nr,0.3,symmetric_st,least_sim_dr,0.45,32,26.220,26.630,83.738,84.679
feddenoise,fl_cifar100,0.1,uni_nr,0.3,symmetric_st,least_sim_dr,0.45,36,28.010,28.010,84.506,85.810
feddenoise,fl_cifar100,0.1,uni_nr,0.3,symmetric_st,least_sim_dr,0.45,40,26.640,26.640,85.273,86.699
feddenoise,fl_cifar100,0.1,uni_nr,0.3,symmetric_st,least_sim_dr,0.45,48,25.990,26.890,83.618,85.792
feddenoise,fl_cifar100,0.1,uni_nr,0.3,symmetric_st,least_sim_dr,0.45,54,25.520,26.230,83.348,85.794
feddenoise,fl_cifar100,0.1,uni_nr,0.3,symmetric_st,least_sim_dr,0.45,64,25.320,26.830,84.546,85.610
feddenoise,fl_cifar100,0.1,uni_nr,0.3,symmetric_st,least_sim_dr,0.5,32,27.490,28.300,86.885,88.457
feddenoise,fl_cifar100,0.1,uni_nr,0.3,symmetric_st,least_sim_dr,0.5,36,27.220,27.240,88.035,88.314
feddenoise,fl_cifar100,0.1,uni_nr,0.3,symmetric_st,least_sim_dr,0.5,40,28.390,28.810,85.827,88.342
feddenoise,fl_cifar100,0.1,uni_nr,0.3,symmetric_st,least_sim_dr,0.5,48,26.510,26.750,84.637,88.062
feddenoise,fl_cifar100,0.1,uni_nr,0.3,symmetric_st,least_sim_dr,0.5,54,26.330,26.330,86.458,88.213
feddenoise,fl_cifar100,0.1,uni_nr,0.3,symmetric_st,least_sim_dr,0.5,64,27.680,28.180,86.356,87.586
feddenoise,fl_cifar100,0.1,uni_nr,0.3,symmetric_st,least_sim_dr,0.55,32,27.060,27.060,87.433,89.660
feddenoise,fl_cifar100,0.1,uni_nr,0.3,symmetric_st,least_sim_dr,0.55,36,26.990,27.410,86.351,88.193
feddenoise,fl_cifar100,0.1,uni_nr,0.3,symmetric_st,least_sim_dr,0.55,40,27.940,28.100,88.231,89.679
feddenoise,fl_cifar100,0.1,uni_nr,0.3,symmetric_st,least_sim_dr,0.55,48,27.480,28.420,87.828,89.456
feddenoise,fl_cifar100,0.1,uni_nr,0.3,symmetric_st,least_sim_dr,0.55,54,25.580,26.080,87.241,89.257
feddenoise,fl_cifar100,0.1,uni_nr,0.3,symmetric_st,least_sim_dr,0.55,64,27.990,27.990,87.673,90.027
feddenoise,fl_cifar100,0.1,uni_nr,0.3,symmetric_st,least_sim_dr,0.6,32,26.740,27.530,89.984,91.995
feddenoise,fl_cifar100,0.1,uni_nr,0.3,symmetric_st,least_sim_dr,0.6,36,25.720,26.950,90.471,91.348
feddenoise,fl_cifar100,0.1,uni_nr,0.3,symmetric_st,least_sim_dr,0.6,40,25.550,26.020,88.808,91.649
feddenoise,fl_cifar100,0.1,uni_nr,0.3,symmetric_st,least_sim_dr,0.6,48,27.260,27.260,89.220,90.702
feddenoise,fl_cifar100,0.1,uni_nr,0.3,symmetric_st,least_sim_dr,0.6,54,25.000,25.780,89.009,90.782
feddenoise,fl_cifar100,0.1,uni_nr,0.3,symmetric_st,least_sim_dr,0.6,64,28.290,29.310,90.311,91.192
feddenoise,fl_cifar100,0.1,uni_nr,0.3,symmetric_st,least_sim_dr,0.65,32,25.240,25.710,90.536,91.543
feddenoise,fl_cifar100,0.1,uni_nr,0.3,symmetric_st,least_sim_dr,0.65,36,24.320,24.900,90.529,92.244
feddenoise,fl_cifar100,0.1,uni_nr,0.3,symmetric_st,least_sim_dr,0.65,40,25.920,25.920,90.033,92.044
feddenoise,fl_cifar100,0.1,uni_nr,0.3,symmetric_st,least_sim_dr,0.65,48,27.510,28.270,92.010,93.205
feddenoise,fl_cifar100,0.1,uni_nr,0.3,symmetric_st,least_sim_dr,0.65,54,24.100,25.130,87.800,93.334
feddenoise,fl_cifar100,0.1,uni_nr,0.3,symmetric_st,least_sim_dr,0.65,64,27.630,28.530,89.685,93.290
feddenoise,fl_cifar100,0.3,uni_nr,0.1,symmetric_st,least_sim_dr,0.15,64,39.220,40.460,94.090,94.535
feddenoise,fl_cifar100,0.3,uni_nr,0.2,symmetric_st,least_sim_dr,0.25,64,36.500,36.800,89.627,89.956
feddenoise,fl_cifar100,0.3,uni_nr,0.3,symmetric_st,least_sim_dr,0.3,32,31.060,31.460,80.573,81.000
feddenoise,fl_cifar100,0.3,uni_nr,0.3,symmetric_st,least_sim_dr,0.3,40,31.470,31.470,81.832,81.832
feddenoise,fl_cifar100,0.3,uni_nr,0.3,symmetric_st,least_sim_dr,0.3,48,31.440,31.440,81.460,81.792
feddenoise,fl_cifar100,0.3,uni_nr,0.3,symmetric_st,least_sim_dr,0.3,54,30.670,31.200,81.062,82.012
feddenoise,fl_cifar100,0.3,uni_nr,0.3,symmetric_st,least_sim_dr,0.3,60,32.270,32.480,81.892,82.701
feddenoise,fl_cifar100,0.3,uni_nr,0.3,symmetric_st,least_sim_dr,0.35,32,31.540,31.580,83.088,83.842
feddenoise,fl_cifar100,0.3,uni_nr,0.3,symmetric_st,least_sim_dr,0.35,40,32.410,32.460,84.607,85.068
feddenoise,fl_cifar100,0.3,uni_nr,0.3,symmetric_st,least_sim_dr,0.35,48,31.130,32.140,83.018,83.650
feddenoise,fl_cifar100,0.3,uni_nr,0.3,symmetric_st,least_sim_dr,0.35,54,31.160,32.030,82.444,83.490
feddenoise,fl_cifar100,0.3,uni_nr,0.3,symmetric_st,least_sim_dr,0.35,60,30.010,31.170,84.610,84.610
feddenoise,fl_cifar100,0.3,uni_nr,0.3,symmetric_st,least_sim_dr,0.35,64,31.970,32.720,83.710,84.681
feddenoise,fl_cifar100,0.3,uni_nr,0.3,symmetric_st,least_sim_dr,0.4,32,32.950,33.080,85.142,86.016
feddenoise,fl_cifar100,0.3,uni_nr,0.3,symmetric_st,least_sim_dr,0.4,40,31.160,31.580,85.910,86.619
feddenoise,fl_cifar100,0.3,uni_nr,0.3,symmetric_st,least_sim_dr,0.4,48,32.120,32.550,85.781,87.170
feddenoise,fl_cifar100,0.3,uni_nr,0.3,symmetric_st,least_sim_dr,0.4,54,32.130,32.760,85.471,86.593
feddenoise,fl_cifar100,0.3,uni_nr,0.3,symmetric_st,least_sim_dr,0.4,60,32.710,32.810,85.278,87.719
feddenoise,fl_cifar100,0.3,uni_nr,0.3,symmetric_st,least_sim_dr,0.45,32,31.750,31.760,87.267,88.624
feddenoise,fl_cifar100,0.3,uni_nr,0.3,symmetric_st,least_sim_dr,0.45,40,31.990,32.630,88.745,89.972
feddenoise,fl_cifar100,0.3,uni_nr,0.3,symmetric_st,least_sim_dr,0.45,48,33.960,34.130,88.923,89.629
feddenoise,fl_cifar100,0.3,uni_nr,0.3,symmetric_st,least_sim_dr,0.45,54,33.060,33.120,87.023,88.810
feddenoise,fl_cifar100,0.3,uni_nr,0.3,symmetric_st,least_sim_dr,0.45,60,33.500,33.970,89.623,90.320
feddenoise,fl_cifar100,0.3,uni_nr,0.3,symmetric_st,least_sim_dr,0.5,32,32.160,32.420,89.957,90.729
feddenoise,fl_cifar100,0.3,uni_nr,0.3,symmetric_st,least_sim_dr,0.5,40,31.810,32.710,89.827,91.335
feddenoise,fl_cifar100,0.3,uni_nr,0.3,symmetric_st,least_sim_dr,0.5,48,33.520,33.550,91.233,91.658
feddenoise,fl_cifar100,0.3,uni_nr,0.3,symmetric_st,least_sim_dr,0.5,54,32.280,32.280,90.365,91.162
feddenoise,fl_cifar100,0.3,uni_nr,0.3,symmetric_st,least_sim_dr,0.5,60,32.760,33.380,90.256,91.352
feddenoise,fl_cifar100,0.3,uni_nr,0.3,symmetric_st,least_sim_dr,0.55,32,33.200,33.230,91.592,92.247
feddenoise,fl_cifar100,0.3,uni_nr,0.3,symmetric_st,least_sim_dr,0.55,40,33.500,33.810,92.017,92.509
feddenoise,fl_cifar100,0.3,uni_nr,0.3,symmetric_st,least_sim_dr,0.55,48,31.640,32.090,92.038,92.187
feddenoise,fl_cifar100,0.3,uni_nr,0.3,symmetric_st,least_sim_dr,0.55,54,32.530,32.530,90.379,91.811
feddenoise,fl_cifar100,0.3,uni_nr,0.3,symmetric_st,least_sim_dr,0.55,60,33.750,33.750,92.597,94.296
feddenoise,fl_cifar100,0.3,uni_nr,0.3,symmetric_st,least_sim_dr,0.6,32,30.990,31.600,92.121,93.251
feddenoise,fl_cifar100,0.3,uni_nr,0.3,symmetric_st,least_sim_dr,0.6,40,32.520,32.540,93.096,93.942
feddenoise,fl_cifar100,0.3,uni_nr,0.3,symmetric_st,least_sim_dr,0.6,48,32.870,32.870,93.230,94.916
feddenoise,fl_cifar100,0.3,uni_nr,0.3,symmetric_st,least_sim_dr,0.6,54,31.660,32.360,92.417,93.564
feddenoise,fl_cifar100,0.3,uni_nr,0.3,symmetric_st,least_sim_dr,0.6,60,31.860,31.910,93.472,94.167
feddenoise,fl_cifar100,0.3,uni_nr,0.3,symmetric_st,least_sim_dr,0.65,32,32.120,32.570,94.104,94.702
feddenoise,fl_cifar100,0.3,uni_nr,0.3,symmetric_st,least_sim_dr,0.65,40,31.780,31.780,94.945,95.121
feddenoise,fl_cifar100,0.3,uni_nr,0.3,symmetric_st,least_sim_dr,0.65,48,31.160,32.000,94.274,94.898
feddenoise,fl_cifar100,0.3,uni_nr,0.3,symmetric_st,least_sim_dr,0.65,54,29.760,29.760,93.204,94.529
feddenoise,fl_cifar100,0.3,uni_nr,0.3,symmetric_st,least_sim_dr,0.65,60,30.100,31.300,93.899,94.381
feddenoise,fl_cifar100,0.3,uni_nr,0.4,symmetric_st,least_sim_dr,0.45,64,27.150,27.690,77.387,78.246
feddenoise,fl_cifar100,0.3,uni_nr,0.5,symmetric_st,least_sim_dr,0.55,64,23.860,25.080,73.062,73.062
feddenoise,fl_cifar100,0.3,uni_nr,0.6,symmetric_st,least_sim_dr,0.65,64,19.160,19.940,61.284,64.538
feddenoise,fl_cifar100,0.3,uni_nr,0.7,symmetric_st,least_sim_dr,0.75,64,15.660,16.250,51.760,55.090
feddenoise,fl_cifar100,0.3,uni_nr,0.8,symmetric_st,least_sim_dr,0.85,64,9.340,9.450,38.319,38.319
feddenoise,fl_cifar100,0.5,uni_nr,0.3,symmetric_st,least_sim_dr,0.3,32,32.290,33.130,81.308,82.027
feddenoise,fl_cifar100,0.5,uni_nr,0.3,symmetric_st,least_sim_dr,0.3,36,32.440,32.500,81.526,81.903
feddenoise,fl_cifar100,0.5,uni_nr,0.3,symmetric_st,least_sim_dr,0.3,40,33.520,33.870,82.582,83.209
feddenoise,fl_cifar100,0.5,uni_nr,0.3,symmetric_st,least_sim_dr,0.3,54,31.470,31.530,82.163,82.334
feddenoise,fl_cifar100,0.5,uni_nr,0.3,symmetric_st,least_sim_dr,0.3,64,33.260,33.260,81.146,82.871
feddenoise,fl_cifar100,0.5,uni_nr,0.3,symmetric_st,least_sim_dr,0.35,36,32.290,33.380,83.569,84.744
feddenoise,fl_cifar100,0.5,uni_nr,0.3,symmetric_st,least_sim_dr,0.35,40,33.290,33.290,85.503,85.565
feddenoise,fl_cifar100,0.5,uni_nr,0.3,symmetric_st,least_sim_dr,0.35,48,34.000,34.060,85.394,85.394
feddenoise,fl_cifar100,0.5,uni_nr,0.3,symmetric_st,least_sim_dr,0.35,54,33.200,33.200,83.390,84.644
feddenoise,fl_cifar100,0.5,uni_nr,0.3,symmetric_st,least_sim_dr,0.35,64,33.440,33.690,85.019,85.552
feddenoise,fl_cifar100,0.5,uni_nr,0.3,symmetric_st,least_sim_dr,0.4,32,32.890,32.890,86.218,87.199
feddenoise,fl_cifar100,0.5,uni_nr,0.3,symmetric_st,least_sim_dr,0.4,36,35.540,35.540,87.176,88.257
feddenoise,fl_cifar100,0.5,uni_nr,0.3,symmetric_st,least_sim_dr,0.4,40,32.610,33.760,87.404,88.115
feddenoise,fl_cifar100,0.5,uni_nr,0.3,symmetric_st,least_sim_dr,0.4,48,33.540,33.630,87.817,88.056
feddenoise,fl_cifar100,0.5,uni_nr,0.3,symmetric_st,least_sim_dr,0.4,54,34.460,34.770,86.789,87.344
feddenoise,fl_cifar100,0.5,uni_nr,0.3,symmetric_st,least_sim_dr,0.4,64,33.750,33.920,86.781,87.969
feddenoise,fl_cifar100,0.5,uni_nr,0.3,symmetric_st,least_sim_dr,0.45,32,34.250,34.250,88.530,89.609
feddenoise,fl_cifar100,0.5,uni_nr,0.3,symmetric_st,least_sim_dr,0.45,36,33.610,34.070,89.580,89.775
feddenoise,fl_cifar100,0.5,uni_nr,0.3,symmetric_st,least_sim_dr,0.45,40,33.710,33.710,89.409,90.210
feddenoise,fl_cifar100,0.5,uni_nr,0.3,symmetric_st,least_sim_dr,0.45,48,32.820,34.090,89.086,89.429
feddenoise,fl_cifar100,0.5,uni_nr,0.3,symmetric_st,least_sim_dr,0.45,54,33.710,34.290,89.078,89.830
feddenoise,fl_cifar100,0.5,uni_nr,0.3,symmetric_st,least_sim_dr,0.45,64,34.810,36.080,90.276,90.474
feddenoise,fl_cifar100,0.5,uni_nr,0.3,symmetric_st,least_sim_dr,0.5,32,34.090,34.260,91.169,91.736
feddenoise,fl_cifar100,0.5,uni_nr,0.3,symmetric_st,least_sim_dr,0.5,36,34.080,34.170,91.731,92.319
feddenoise,fl_cifar100,0.5,uni_nr,0.3,symmetric_st,least_sim_dr,0.5,40,35.100,35.190,91.885,92.785
feddenoise,fl_cifar100,0.5,uni_nr,0.3,symmetric_st,least_sim_dr,0.5,48,34.340,34.420,91.458,92.112
feddenoise,fl_cifar100,0.5,uni_nr,0.3,symmetric_st,least_sim_dr,0.5,54,32.640,32.640,90.451,91.693
feddenoise,fl_cifar100,0.5,uni_nr,0.3,symmetric_st,least_sim_dr,0.5,64,35.620,35.620,91.833,92.528
feddenoise,fl_cifar100,0.5,uni_nr,0.3,symmetric_st,least_sim_dr,0.55,32,34.580,34.580,92.997,93.958
feddenoise,fl_cifar100,0.5,uni_nr,0.3,symmetric_st,least_sim_dr,0.55,36,33.680,33.680,91.185,92.800
feddenoise,fl_cifar100,0.5,uni_nr,0.3,symmetric_st,least_sim_dr,0.55,40,34.040,34.040,93.432,93.731
feddenoise,fl_cifar100,0.5,uni_nr,0.3,symmetric_st,least_sim_dr,0.55,48,34.380,34.800,92.389,93.768
feddenoise,fl_cifar100,0.5,uni_nr,0.3,symmetric_st,least_sim_dr,0.55,54,33.790,34.660,92.274,92.818
feddenoise,fl_cifar100,0.5,uni_nr,0.3,symmetric_st,least_sim_dr,0.55,64,35.050,35.390,92.550,93.659
feddenoise,fl_cifar100,0.5,uni_nr,0.3,symmetric_st,least_sim_dr,0.6,32,33.120,33.440,94.947,94.947
feddenoise,fl_cifar100,0.5,uni_nr,0.3,symmetric_st,least_sim_dr,0.6,36,34.620,34.620,93.752,94.914
feddenoise,fl_cifar100,0.5,uni_nr,0.3,symmetric_st,least_sim_dr,0.6,40,32.560,32.710,93.808,94.442
feddenoise,fl_cifar100,0.5,uni_nr,0.3,symmetric_st,least_sim_dr,0.6,48,33.670,33.670,92.602,94.677
feddenoise,fl_cifar100,0.5,uni_nr,0.3,symmetric_st,least_sim_dr,0.6,54,32.790,32.790,93.974,94.921
feddenoise,fl_cifar100,0.5,uni_nr,0.3,symmetric_st,least_sim_dr,0.6,64,35.180,35.630,94.813,95.236
feddenoise,fl_cifar100,0.5,uni_nr,0.3,symmetric_st,least_sim_dr,0.65,32,31.320,32.120,94.777,95.217
feddenoise,fl_cifar100,0.5,uni_nr,0.3,symmetric_st,least_sim_dr,0.65,36,32.310,32.710,95.176,96.209
feddenoise,fl_cifar100,0.5,uni_nr,0.3,symmetric_st,least_sim_dr,0.65,40,32.750,33.200,95.516,95.978
feddenoise,fl_cifar100,0.5,uni_nr,0.3,symmetric_st,least_sim_dr,0.65,48,33.280,33.280,95.107,96.090
feddenoise,fl_cifar100,0.5,uni_nr,0.3,symmetric_st,least_sim_dr,0.65,54,31.420,32.080,94.617,95.403
feddenoise,fl_cifar100,0.5,uni_nr,0.3,symmetric_st,least_sim_dr,0.65,64,33.060,33.330,95.175,95.881
feddenoise,fl_cifar100,0.8,uni_nr,0.3,symmetric_st,least_sim_dr,0.3,32,34.310,34.310,82.295,83.071
feddenoise,fl_cifar100,0.8,uni_nr,0.3,symmetric_st,least_sim_dr,0.3,36,32.400,33.520,82.327,82.668
feddenoise,fl_cifar100,0.8,uni_nr,0.3,symmetric_st,least_sim_dr,0.3,40,32.000,32.520,82.986,83.566
feddenoise,fl_cifar100,0.8,uni_nr,0.3,symmetric_st,least_sim_dr,0.35,32,33.600,34.350,84.608,85.880
feddenoise,fl_cifar100,0.8,uni_nr,0.3,symmetric_st,least_sim_dr,0.35,36,34.980,35.200,85.337,85.848
feddenoise,fl_cifar100,0.8,uni_nr,0.3,symmetric_st,least_sim_dr,0.35,40,34.610,34.760,86.192,86.302
feddenoise,fl_cifar100,0.8,uni_nr,0.3,symmetric_st,least_sim_dr,0.4,32,34.220,34.220,87.250,87.519
feddenoise,fl_cifar100,0.8,uni_nr,0.3,symmetric_st,least_sim_dr,0.4,36,35.540,35.540,87.526,88.128
feddenoise,fl_cifar100,0.8,uni_nr,0.3,symmetric_st,least_sim_dr,0.4,40,35.750,35.750,88.173,89.272
feddenoise,fl_cifar100,0.8,uni_nr,0.3,symmetric_st,least_sim_dr,0.45,32,34.550,34.760,89.501,90.385
feddenoise,fl_cifar100,0.8,uni_nr,0.3,symmetric_st,least_sim_dr,0.45,36,34.690,35.040,91.005,91.012
feddenoise,fl_cifar100,0.8,uni_nr,0.3,symmetric_st,least_sim_dr,0.45,40,35.410,35.410,90.853,90.853
feddenoise,fl_cifar100,0.8,uni_nr,0.3,symmetric_st,least_sim_dr,0.5,32,36.340,36.340,91.535,93.452
feddenoise,fl_cifar100,0.8,uni_nr,0.3,symmetric_st,least_sim_dr,0.5,36,34.620,35.270,92.908,92.908
feddenoise,fl_cifar100,0.8,uni_nr,0.3,symmetric_st,least_sim_dr,0.5,40,34.430,34.430,91.769,92.654
feddenoise,fl_cifar100,0.8,uni_nr,0.3,symmetric_st,least_sim_dr,0.55,32,33.140,33.520,93.150,93.150
feddenoise,fl_cifar100,0.8,uni_nr,0.3,symmetric_st,least_sim_dr,0.55,36,35.320,35.590,93.211,93.928
feddenoise,fl_cifar100,0.8,uni_nr,0.3,symmetric_st,least_sim_dr,0.55,40,34.240,34.240,92.598,93.564
feddenoise,fl_cifar100,0.8,uni_nr,0.3,symmetric_st,least_sim_dr,0.6,32,33.350,33.400,94.215,94.794
feddenoise,fl_cifar100,0.8,uni_nr,0.3,symmetric_st,least_sim_dr,0.6,36,34.120,34.460,94.868,95.187
feddenoise,fl_cifar100,0.8,uni_nr,0.3,symmetric_st,least_sim_dr,0.6,40,33.550,33.550,94.428,95.308
feddenoise,fl_cifar100,0.8,uni_nr,0.3,symmetric_st,least_sim_dr,0.65,32,33.370,33.440,94.446,95.417
feddenoise,fl_cifar100,0.8,uni_nr,0.3,symmetric_st,least_sim_dr,0.65,36,33.240,33.550,94.998,95.868
feddenoise,fl_cifar100,0.8,uni_nr,0.3,symmetric_st,least_sim_dr,0.65,40,33.780,33.780,96.170,96.324
feddenoise,fl_cifar100,0.1,uni_nr,0.3,symmetric_st,most_sim_dr,0.15,64,22.140,23.100,73.918,74.331
feddenoise,fl_cifar100,0.1,uni_nr,0.3,symmetric_st,most_sim_dr,0.3,64,24.070,24.830,78.006,79.718
feddenoise,fl_cifar100,0.1,uni_nr,0.3,symmetric_st,most_sim_dr,0.3,64,25.410,25.680,78.041,79.790
feddenoise,fl_cifar100,0.3,uni_nr,0.3,symmetric_st,most_sim_dr,0.15,64,28.760,28.760,74.795,75.365
feddenoise,fl_cifar100,0.3,uni_nr,0.3,symmetric_st,most_sim_dr,0.3,64,31.230,31.280,82.305,82.325
feddenoise,fl_cifar100,0.3,uni_nr,0.3,symmetric_st,most_sim_dr,0.3,64,30.360,31.450,82.257,82.630
feddenoise,fl_cifar100,0.3,uni_nr,0.3,symmetric_st,most_sim_dr,0.3,64,31.310,31.900,81.687,82.484
feddenoise,fl_cifar100,0.5,uni_nr,0.3,symmetric_st,most_sim_dr,0.15,64,30.400,30.700,75.276,75.857
feddenoise,fl_cifar100,0.5,uni_nr,0.3,symmetric_st,most_sim_dr,0.3,64,32.810,32.870,82.828,82.909
feddenoise,fl_cifar100,0.5,uni_nr,0.3,symmetric_st,most_sim_dr,0.3,64,31.950,32.640,82.897,83.411
feddenoise,fl_cifar100,0.5,uni_nr,0.3,symmetric_st,most_sim_dr,0.3,64,33.660,34.050,83.045,83.673
feddenoise,fl_cifar100,0.8,uni_nr,0.3,symmetric_st,most_sim_dr,0.15,64,31.350,31.350,75.707,76.032
feddenoise,fl_cifar100,0.8,uni_nr,0.3,symmetric_st,most_sim_dr,0.3,64,33.890,34.530,82.472,83.403
feddenoise,fl_cifar100,0.8,uni_nr,0.3,symmetric_st,most_sim_dr,0.3,64,34.570,34.570,82.143,83.308
feddenoise,fl_cifar100,0.8,uni_nr,0.3,symmetric_st,most_sim_dr,0.3,64,34.790,34.790,82.693,83.815
feddenoise,fl_cifar100,0.1,uni_nr,0.3,symmetric_st,random_dr,0.15,64,22.480,22.480,72.684,74.410
feddenoise,fl_cifar100,0.1,uni_nr,0.3,symmetric_st,random_dr,0.3,64,25.050,26.040,78.608,79.965
feddenoise,fl_cifar100,0.1,uni_nr,0.3,symmetric_st,random_dr,0.3,64,24.760,24.990,77.760,79.502
feddenoise,fl_cifar100,0.3,uni_nr,0.3,symmetric_st,random_dr,0.15,64,29.040,29.580,74.551,75.456
feddenoise,fl_cifar100,0.3,uni_nr,0.3,symmetric_st,random_dr,0.3,64,31.200,31.580,80.603,81.718
feddenoise,fl_cifar100,0.3,uni_nr,0.3,symmetric_st,random_dr,0.3,64,30.030,31.920,81.904,82.231
feddenoise,fl_cifar100,0.5,uni_nr,0.3,symmetric_st,random_dr,0.15,64,29.500,30.450,75.449,75.724
feddenoise,fl_cifar100,0.5,uni_nr,0.3,symmetric_st,random_dr,0.3,64,33.480,33.480,82.218,83.070
feddenoise,fl_cifar100,0.8,uni_nr,0.3,symmetric_st,random_dr,0.15,64,31.230,31.440,75.932,75.932
feddenoise,fl_cifar100,0.8,uni_nr,0.3,symmetric_st,random_dr,0.3,64,33.140,34.250,83.111,83.221
fedrdn,fl_cifar100,0.1,uni_nr,0.3,symmetric_st,least_sim_dr,0.15,64,20.150,21.670,,
fedrdn,fl_cifar100,0.3,uni_nr,0.3,symmetric_st,least_sim_dr,0.15,64,26.830,27.750,,
fedrdn,fl_cifar100,0.5,uni_nr,0.3,symmetric_st,least_sim_dr,0.15,64,29.120,29.550,,
fedrdn,fl_cifar100,0.8,uni_nr,0.3,symmetric_st,least_sim_dr,0.15,64,30.320,30.380,,
fedcda,fl_mnist,0.1,uni_nr,0.3,symmetric_st,least_sim_dr,0.15,64,60.980,79.400,,
fedcda,fl_mnist,0.1,uni_nr,0.3,symmetric_st,least_sim_dr,0.15,64,63.210,76.540,,
fedcda,fl_mnist,0.3,uni_nr,0.3,symmetric_st,least_sim_dr,0.15,64,84.930,89.930,,
fedcda,fl_mnist,0.3,uni_nr,0.3,symmetric_st,least_sim_dr,0.15,64,77.920,90.100,,
fedcda,fl_mnist,0.3,uni_nr,0.3,symmetric_st,least_sim_dr,0.15,64,83.100,89.820,,
fedcda,fl_mnist,0.5,uni_nr,0.3,symmetric_st,least_sim_dr,0.15,64,79.600,94.060,,
fedcda,fl_mnist,0.5,uni_nr,0.3,symmetric_st,least_sim_dr,0.15,64,81.850,94.300,,
fedcda,fl_mnist,0.8,uni_nr,0.3,symmetric_st,least_sim_dr,0.15,64,87.570,94.820,,
fedcda,fl_mnist,0.8,uni_nr,0.3,symmetric_st,least_sim_dr,0.15,64,89.130,95.340,,
fedcda,fl_mnist,0.8,uni_nr,0.3,symmetric_st,least_sim_dr,0.15,64,88.340,95.490,,
feddenoise,fl_mnist,0.1,uni_nr,0.3,symmetric_st,global_dr,0.15,64,89.980,93.720,80.645,81.296
feddenoise,fl_mnist,0.1,uni_nr,0.3,symmetric_st,global_dr,0.3,64,97.320,98.020,95.902,96.473
feddenoise,fl_mnist,0.1,uni_nr,0.3,symmetric_st,global_dr,0.3,64,97.150,97.820,95.787,96.377
feddenoise,fl_mnist,0.3,uni_nr,0.3,symmetric_st,global_dr,0.15,64,95.450,96.130,81.327,81.419
feddenoise,fl_mnist,0.3,uni_nr,0.3,symmetric_st,global_dr,0.3,64,97.960,98.570,96.418,96.591
feddenoise,fl_mnist,0.3,uni_nr,0.3,symmetric_st,global_dr,0.3,64,98.180,98.580,96.455,96.572
feddenoise,fl_mnist,0.5,uni_nr,0.3,symmetric_st,global_dr,0.15,64,94.780,97.130,81.385,81.398
feddenoise,fl_mnist,0.5,uni_nr,0.3,symmetric_st,global_dr,0.3,64,98.530,98.760,96.505,96.618
feddenoise,fl_mnist,0.5,uni_nr,0.3,symmetric_st,global_dr,0.3,64,98.460,98.740,96.318,96.698
feddenoise,fl_mnist,0.8,uni_nr,0.3,symmetric_st,global_dr,0.15,64,96.180,97.380,81.305,81.427
feddenoise,fl_mnist,0.8,uni_nr,0.3,symmetric_st,global_dr,0.3,64,98.410,98.760,96.356,96.589
feddenoise,fl_mnist,0.8,uni_nr,0.3,symmetric_st,global_dr,0.3,64,98.460,98.690,96.329,96.606
feddenoise,fl_mnist,0.3,uni_nr,0.1,symmetric_st,least_sim_dr,0.15,64,99.240,99.420,99.498,99.648
feddenoise,fl_mnist,0.3,uni_nr,0.4,symmetric_st,least_sim_dr,0.45,64,98.040,98.300,96.971,97.899
feddenoise,fl_mnist,0.3,uni_nr,0.7,symmetric_st,least_sim_dr,0.75,64,89.650,90.030,92.910,93.402
feddenoise,fl_mnist,0.1,uni_nr,0.3,symmetric_st,most_sim_dr,0.15,64,88.030,92.120,79.859,80.605
feddenoise,fl_mnist,0.1,uni_nr,0.3,symmetric_st,most_sim_dr,0.3,64,96.120,97.520,95.870,95.949
feddenoise,fl_mnist,0.1,uni_nr,0.3,symmetric_st,most_sim_dr,0.3,64,96.120,97.360,95.170,95.706
feddenoise,fl_mnist,0.1,uni_nr,0.3,symmetric_st,most_sim_dr,0.3,64,97.090,97.540,94.666,96.146
feddenoise,fl_mnist,0.3,uni_nr,0.3,symmetric_st,most_sim_dr,0.15,64,95.390,96.350,80.911,81.353
feddenoise,fl_mnist,0.3,uni_nr,0.3,symmetric_st,most_sim_dr,0.3,64,98.220,98.450,95.607,96.403
feddenoise,fl_mnist,0.3,uni_nr,0.3,symmetric_st,most_sim_dr,0.3,64,98.230,98.410,95.839,96.474
feddenoise,fl_mnist,0.3,uni_nr,0.3,symmetric_st,most_sim_dr,0.3,64,98.010,98.260,96.313,96.324
feddenoise,fl_mnist,0.5,uni_nr,0.3,symmetric_st,most_sim_dr,0.15,64,95.870,96.930,81.057,81.342
feddenoise,fl_mnist,0.5,uni_nr,0.3,symmetric_st,most_sim_dr,0.3,64,98.280,98.660,95.998,96.516
feddenoise,fl_mnist,0.5,uni_nr,0.3,symmetric_st,most_sim_dr,0.3,64,98.540,98.730,95.728,96.522
feddenoise,fl_mnist,0.5,uni_nr,0.3,symmetric_st,most_sim_dr,0.3,64,98.330,98.550,96.003,96.442
feddenoise,fl_mnist,0.8,uni_nr,0.3,symmetric_st,most_sim_dr,0.15,64,96.160,97.420,81.136,81.366
feddenoise,fl_mnist,0.8,uni_nr,0.3,symmetric_st,most_sim_dr,0.3,64,98.500,98.760,96.170,96.487
feddenoise,fl_mnist,0.8,uni_nr,0.3,symmetric_st,most_sim_dr,0.3,64,98.320,98.670,96.029,96.532
feddenoise,fl_mnist,0.1,uni_nr,0.3,symmetric_st,random_dr,0.15,64,90.010,91.780,78.429,80.677
feddenoise,fl_mnist,0.1,uni_nr,0.3,symmetric_st,random_dr,0.3,64,96.170,96.710,93.756,94.919
feddenoise,fl_mnist,0.1,uni_nr,0.3,symmetric_st,random_dr,0.3,64,96.460,96.910,92.070,93.205
feddenoise,fl_mnist,0.3,uni_nr,0.3,symmetric_st,random_dr,0.15,64,95.300,96.240,80.557,81.265
feddenoise,fl_mnist,0.3,uni_nr,0.3,symmetric_st,random_dr,0.3,64,98.080,98.320,95.886,96.357
feddenoise,fl_mnist,0.3,uni_nr,0.3,symmetric_st,random_dr,0.3,64,98.020,98.550,96.024,96.421
feddenoise,fl_mnist,0.5,uni_nr,0.3,symmetric_st,random_dr,0.15,64,96.130,97.330,80.958,81.242
feddenoise,fl_mnist,0.5,uni_nr,0.3,symmetric_st,random_dr,0.3,64,98.280,98.740,96.270,96.631
feddenoise,fl_mnist,0.8,uni_nr,0.3,symmetric_st,random_dr,0.15,64,95.700,97.290,81.131,81.323
feddenoise,fl_mnist,0.8,uni_nr,0.3,symmetric_st,random_dr,0.3,64,98.570,98.740,96.324,96.524
feddenoise,fl_mnist,0.8,uni_nr,0.3,symmetric_st,random_dr,0.3,64,98.110,98.620,95.925,96.493
fedrdn,fl_mnist,0.1,uni_nr,0.3,symmetric_st,least_sim_dr,0.15,64,83.300,87.970,,
fedrdn,fl_mnist,0.3,uni_nr,0.3,symmetric_st,least_sim_dr,0.15,64,90.630,95.450,,
fedrdn,fl_mnist,0.5,uni_nr,0.3,symmetric_st,least_sim_dr,0.15,64,93.980,96.990,,
fedrdn,fl_mnist,0.8,uni_nr,0.3,symmetric_st,least_sim_dr,0.15,64,94.030,97.000,,
fedcda,fl_svhn,0.1,uni_nr,0.3,symmetric_st,least_sim_dr,0.15,64,33.810,50.990,,
fedcda,fl_svhn,0.1,uni_nr,0.3,symmetric_st,least_sim_dr,0.15,64,31.900,52.300,,
fedcda,fl_svhn,0.1,uni_nr,0.3,symmetric_st,least_sim_dr,0.15,64,37.190,52.540,,
fedcda,fl_svhn,0.3,uni_nr,0.3,symmetric_st,least_sim_dr,0.15,64,40.950,65.710,,
fedcda,fl_svhn,0.3,uni_nr,0.3,symmetric_st,least_sim_dr,0.15,64,63.510,69.780,,
fedcda,fl_svhn,0.5,uni_nr,0.3,symmetric_st,least_sim_dr,0.15,64,62.400,72.470,,
fedcda,fl_svhn,0.5,uni_nr,0.3,symmetric_st,least_sim_dr,0.15,64,64.710,74.180,,
fedcda,fl_svhn,0.5,uni_nr,0.3,symmetric_st,least_sim_dr,0.15,64,74.670,74.670,,
fedcda,fl_svhn,0.8,uni_nr,0.3,symmetric_st,least_sim_dr,0.15,64,67.460,75.470,,
fedcda,fl_svhn,0.8,uni_nr,0.3,symmetric_st,least_sim_dr,0.15,64,59.870,73.770,,
feddenoise,fl_svhn,0.1,uni_nr,0.3,symmetric_st,global_dr,0.3,64,79.100,79.920,89.260,93.284
feddenoise,fl_svhn,0.1,uni_nr,0.3,symmetric_st,global_dr,0.3,64,76.200,79.590,90.456,92.929
feddenoise,fl_svhn,0.3,uni_nr,0.3,symmetric_st,global_dr,0.3,64,86.290,87.290,94.776,94.946
feddenoise,fl_svhn,0.3,uni_nr,0.3,symmetric_st,global_dr,0.3,64,87.850,87.850,93.892,95.147
feddenoise,fl_svhn,0.5,uni_nr,0.3,symmetric_st,global_dr,0.3,64,89.320,89.830,94.743,95.614
feddenoise,fl_svhn,0.5,uni_nr,0.3,symmetric_st,global_dr,0.3,64,89.730,90.020,94.572,95.495
feddenoise,fl_svhn,0.8,uni_nr,0.3,symmetric_st,global_dr,0.3,64,89.800,90.470,94.758,95.538
feddenoise,fl_svhn,0.8,uni_nr,0.3,symmetric_st,global_dr,0.3,64,89.830,90.740,95.029,95.498
feddenoise,fl_svhn,0.3,uni_nr,0.3,symmetric_st,least_sim_dr,0.35,64,85.710,88.080,94.818,96.255
feddenoise,fl_svhn,0.3,uni_nr,0.4,symmetric_st,least_sim_dr,0.45,64,79.970,82.070,87.861,90.913
feddenoise,fl_svhn,0.3,uni_nr,0.5,symmetric_st,least_sim_dr,0.55,64,79.360,82.490,89.729,93.290
feddenoise,fl_svhn,0.3,uni_nr,0.6,symmetric_st,least_sim_dr,0.65,64,70.360,72.030,78.834,87.067
feddenoise,fl_svhn,0.3,uni_nr,0.7,symmetric_st,least_sim_dr,0.75,64,63.810,64.490,80.398,80.704
feddenoise,fl_svhn,0.3,uni_nr,0.8,symmetric_st,least_sim_dr,0.85,64,38.400,39.930,40.900,56.892
feddenoise,fl_svhn,0.1,uni_nr,0.3,symmetric_st,most_sim_dr,0.3,64,65.890,72.600,83.712,88.222
feddenoise,fl_svhn,0.1,uni_nr,0.3,symmetric_st,most_sim_dr,0.3,64,64.860,70.420,80.628,86.424
feddenoise,fl_svhn,0.3,uni_nr,0.3,symmetric_st,most_sim_dr,0.3,64,84.350,86.230,92.545,93.045
feddenoise,fl_svhn,0.3,uni_nr,0.3,symmetric_st,most_sim_dr,0.3,64,83.090,83.650,89.439,93.234
feddenoise,fl_svhn,0.5,uni_nr,0.3,symmetric_st,most_sim_dr,0.3,64,87.370,88.300,93.371,94.477
feddenoise,fl_svhn,0.5,uni_nr,0.3,symmetric_st,most_sim_dr,0.3,64,85.930,88.120,92.790,94.327
feddenoise,fl_svhn,0.8,uni_nr,0.3,symmetric_st,most_sim_dr,0.3,64,89.970,90.270,94.152,95.043
feddenoise,fl_svhn,0.8,uni_nr,0.3,symmetric_st,most_sim_dr,0.3,64,88.490,89.930,94.021,94.844
feddenoise,fl_svhn,0.1,uni_nr,0.3,symmetric_st,random_dr,0.3,64,67.660,72.060,85.233,86.620
feddenoise,fl_svhn,0.3,uni_nr,0.3,symmetric_st,random_dr,0.3,64,84.440,85.690,89.831,93.187
feddenoise,fl_svhn,0.5,uni_nr,0.3,symmetric_st,random_dr,0.3,64,89.320,89.320,93.678,94.457
feddenoise,fl_svhn,0.8,uni_nr,0.3,symmetric_st,random_dr,0.3,64,89.580,89.940,93.121,94.780
fedrdn,fl_svhn,0.1,uni_nr,0.3,symmetric_st,least_sim_dr,0.15,64,47.440,60.680,,
fedrdn,fl_svhn,0.3,uni_nr,0.3,symmetric_st,least_sim_dr,0.15,64,66.460,74.450,,
fedrdn,fl_svhn,0.5,uni_nr,0.3,symmetric_st,least_sim_dr,0.15,64,76.600,79.670,,
fedrdn,fl_svhn,0.8,uni_nr,0.3,symmetric_st,least_sim_dr,0.15,64,79.070,81.610,,
